Dans le texte;Nom du fichier;CIE_NAME;Num Contrat;Num Edition;Num Police;Num Period
True;CONTRATS_20241118_001663_32.pdf;HUMANIS;;002682000002800;002682000002800;4966952
True;CONTRATS_20241118_001663_94.pdf;HUMANIS;;002682000002800;002682000002800;4966952
True;CONTRATS_20241118_001662_85.pdf;HUMANIS;;002682000002800;002682000002800;4966952
True;CONTRATS_20241118_001664_32.pdf;HUMANIS;;002682000002800;002682000002800;4966952
True;CONTRATS_20241118_001664_27.pdf;HUMANIS;;002682000002800;002682000002800;4966952
True;CONTRATS_20241118_001663_36.pdf;HUMANIS;;002682000002800;002682000002800;4966952
True;CONTRATS_20241118_001667_94.pdf;HUMANIS;;002682000002800;002682000002800;4966952
True;CONTRATS_20241118_001662_70.pdf;HUMANIS;;002682000002800;002682000002800;4966952
True;CONTRATS_20241118_001663_83.pdf;HUMANIS;;002682000002800;002682000002800;4966952
True;CONTRATS_20241118_001662_20.pdf;HUMANIS;;002682000002800;002682000002800;4966952
True;RECA_FRANCE___CONTRATS_20241118_001663_69.pdf;HUMANIS;;002682000002800;002682000002800;4966952
True;SETL_M___CONTRATS_20241118_001667_122.pdf;HUMANIS;;002682000002800;002682000002800;4966952
True;CONTRATS_20241118_001667_67.pdf;HUMANIS;;002682000002800;002682000002800;4966952
True;CONTRATS_20241118_001667_93.pdf;HUMANIS;;002682000002800;002682000002800;4966952
True;CONTRATS_20241118_001667_21.pdf;HUMANIS;;002682000002800;002682000002800;4966952
True;CONTRATS_20241118_001667_63.pdf;HUMANIS;;002682000002800;002682000002800;4966952
True;CONTRATS_20241118_001663_8.pdf;HUMANIS;;002682000002800;002682000002800;4966952
True;CONTRATS_20241118_001662_2.pdf;HUMANIS;;002682000002800;002682000002800;4966952
True;CONTRATS_20241118_001663_46.pdf;HUMANIS;;002682000002800;002682000002800;4966952
True;CONTRATS_20241118_001667_55.pdf;HUMANIS;;002682000002800;002682000002800;4966952
True;CONTRATS_20241118_001663_23.pdf;HUMANIS;;002682000002800;002682000002800;4966952
True;RECA_FRANCE___CONTRATS_20241118_001663_67.pdf;HUMANIS;;002682000002800;002682000002800;4966952
True;CONTRATS_20241118_001667_54.pdf;HUMANIS;;002682000002800;002682000002800;4966952
True;CONTRATS_20241118_001662_5.pdf;HUMANIS;;002682000002800;002682000002800;4966952
True;CONTRATS_20241118_001662_24.pdf;HUMANIS;;002682000002800;002682000002800;4966952
True;CONTRATS_20241118_001663_2.pdf;HUMANIS;;002682000002800;002682000002800;4966952
True;CONTRATS_20241118_001667_12.pdf;HUMANIS;;002682000002800;002682000002800;4966952
True;CONTRATS_20241118_001663_95.pdf;HUMANIS;;002682000002800;002682000002800;4966952
True;CONTRATS_20241118_001662_25.pdf;HUMANIS;;002682000002800;002682000002800;4966952
True;CONTRATS_20241118_001667_98.pdf;HUMANIS;;002682000002800;002682000002800;4966952
True;CONTRATS_20241118_001667_4.pdf;HUMANIS;;002682000002800;002682000002800;4966952
True;CONTRATS_20241118_001663_76.pdf;HUMANIS;;002682000002800;002682000002800;4966952
True;CONTRATS_20241118_001667_96.pdf;HUMANIS;;002682000002800;002682000002800;4966952
True;CONTRATS_20241118_001663_5.pdf;HUMANIS;;002682000002800;002682000002800;4966952
True;RHENUS_LOGISTICS___CONTRATS_20241118_001662_33.pdf;HUMANIS;;002682000002800;002682000002800;4966952
True;CONTRATS_20241118_001667_102.pdf;HUMANIS;;002682000002800;002682000002800;4966952
True;CONTRATS_20241118_001663_42.pdf;HUMANIS;;002682000002800;002682000002800;4966952
True;2B_AUTOMOTIVE___CONTRATS_20241118_001667_118.pdf;HUMANIS;;002682000002800;002682000002800;4966952
True;RHENUS_LOGISTICS___CONTRATS_20241118_001662_35.pdf;HUMANIS;;002682000002800;002682000002800;4966952
True;RM_SYSTEM___CONTRATS_20241118_001662_28.pdf;HUMANIS;;002682000002800;002682000002800;4966952
True;CONTRATS_20241118_001664_8.pdf;HUMANIS;;002682000002800;002682000002800;4966952
True;CONTRATS_20241118_001662_95.pdf;HUMANIS;;002682000002800;002682000002800;4966952
True;CONTRATS_20241118_001662_68.pdf;HUMANIS;;002682000002800;002682000002800;4966952
True;CONTRATS_20241118_001664_26.pdf;HUMANIS;;002682000002800;002682000002800;4966952
True;CONTRATS_20241118_001667_113.pdf;HUMANIS;;002682000002800;002682000002800;4966952
True;CONTRATS_20241118_001667_30.pdf;HUMANIS;;002682000002800;002682000002800;4966952
True;CONTRATS_20241118_001662_78.pdf;HUMANIS;;002682000002800;002682000002800;4966952
True;SETL_OZ1___CONTRATS_20241118_001667_123.pdf;HUMANIS;;002682000002800;002682000002800;4966952
True;CONTRATS_20241118_001662_83.pdf;HUMANIS;;002682000002800;002682000002800;4966952
True;CONTRATS_20241118_001664_15.pdf;HUMANIS;;002682000002800;002682000002800;4966952
True;CONTRATS_20241118_001664_3.pdf;HUMANIS;;002682000002800;002682000002800;4966952
True;CONTRATS_20241118_001663_59.pdf;HUMANIS;;002682000002800;002682000002800;4966952
True;CONTRATS_20241118_001667_70.pdf;HUMANIS;;002682000002800;002682000002800;4966952
True;CONTRATS_20241118_001667_38.pdf;HUMANIS;;002682000002800;002682000002800;4966952
True;CONTRATS_20241118_001662_81.pdf;HUMANIS;;002682000002800;002682000002800;4966952
True;CONTARGO___CONTRATS_20241118_001662_34.pdf;HUMANIS;;002682000002800;002682000002800;4966952
True;CONTRATS_20241118_001667_48.pdf;HUMANIS;;002682000002800;002682000002800;4966952
True;CONTRATS_20241118_001667_2.pdf;HUMANIS;;002682000002800;002682000002800;4966952
True;CONTRATS_20241118_001662_26.pdf;HUMANIS;;002682000002800;002682000002800;4966952
True;RHENUS_LOGISTICS___CONTRATS_20241118_001662_36.pdf;HUMANIS;;002682000002800;002682000002800;4966952
True;CONTRATS_20241118_001663_90.pdf;HUMANIS;;002682000002800;002682000002800;4966952
True;CONTRATS_20241118_001667_81.pdf;HUMANIS;;002682000002800;002682000002800;4966952
True;CONTRATS_20241118_001662_69.pdf;HUMANIS;;002682000002800;002682000002800;4966952
True;CONTRATS_20241118_001662_47.pdf;HUMANIS;;002682000002800;002682000002800;4966952
True;CONTRATS_20241118_001663_12.pdf;HUMANIS;;002682000002800;002682000002800;4966952
True;CONTRATS_20241118_001662_79.pdf;HUMANIS;;002682000002800;002682000002800;4966952
True;CONTRATS_20241118_001664_7.pdf;HUMANIS;;002682000002800;002682000002800;4966952
True;CONTRATS_20241118_001667_53.pdf;HUMANIS;;002682000002800;002682000002800;4966952
True;CONTRATS_20241118_001667_80.pdf;HUMANIS;;002682000002800;002682000002800;4966952
True;CONTRATS_20241118_001667_29.pdf;HUMANIS;;002682000002800;002682000002800;4966952
True;RHENUS_AIR__OCEAN___CONTRATS_20241118_001662_37.pdf;HUMANIS;;002682000002800;002682000002800;4966952
True;CONTRATS_20241118_001663_16.pdf;HUMANIS;;002682000002800;002682000002800;4966952
True;CONTRATS_20241118_001667_43.pdf;HUMANIS;;002682000002800;002682000002800;4966952
True;CONTRATS_20241118_001667_61.pdf;HUMANIS;;002682000002800;002682000002800;4966952
True;CONTRATS_20241118_001663_33.pdf;HUMANIS;;002682000002800;002682000002800;4966952
True;CONTRATS_20241118_001667_1.pdf;HUMANIS;;002682000002800;002682000002800;4966952
True;CONTRATS_20241118_001663_107.pdf;HUMANIS;;002682000002800;002682000002800;4966952
True;CONTRATS_20241118_001663_24.pdf;HUMANIS;;002682000002800;002682000002800;4966952
True;CONTRATS_20241118_001662_74.pdf;HUMANIS;;002682000002800;002682000002800;4966952
True;CONTRATS_20241118_001663_84.pdf;HUMANIS;;002682000002800;002682000002800;4966952
True;CONTRATS_20241118_001667_62.pdf;HUMANIS;;002682000002800;002682000002800;4966952
True;CONTRATS_20241118_001662_9.pdf;HUMANIS;;002682000002800;002682000002800;4966952
True;CONTRATS_20241118_001662_49.pdf;HUMANIS;;002682000002800;002682000002800;4966952
True;CONTRATS_20241118_001663_55.pdf;HUMANIS;;002682000002800;002682000002800;4966952
True;HEUFT___CONTRATS_20241118_001662_29.pdf;HUMANIS;;002682000002800;002682000002800;4966952
True;CONTRATS_20241118_001667_50.pdf;HUMANIS;;002682000002800;002682000002800;4966952
True;CONTRATS_20241118_001663_58.pdf;HUMANIS;;002682000002800;002682000002800;4966952
True;CONTRATS_20241118_001667_114.pdf;HUMANIS;;002682000002800;002682000002800;4966952
True;CONTRATS_20241118_001667_10.pdf;HUMANIS;;002682000002800;002682000002800;4966952
True;CONTRATS_20241118_001663_62.pdf;HUMANIS;;002682000002800;002682000002800;4966952
True;CONTRATS_20241118_001662_67.pdf;HUMANIS;;002682000002800;002682000002800;4966952
True;CONTRATS_20241118_001662_73.pdf;HUMANIS;;002682000002800;002682000002800;4966952
True;CONTRATS_20241118_001667_72.pdf;HUMANIS;;002682000002800;002682000002800;4966952
True;CONTRATS_20241118_001662_88.pdf;HUMANIS;;002682000002800;002682000002800;4966952
True;CONTRATS_20241118_001667_68.pdf;HUMANIS;;002682000002800;002682000002800;4966952
True;CONTRATS_20241118_001662_11.pdf;HUMANIS;;002682000002800;002682000002800;4966952
True;CONTRATS_20241118_001667_84.pdf;HUMANIS;;002682000002800;002682000002800;4966952
True;CONTRATS_20241118_001667_16.pdf;HUMANIS;;002682000002800;002682000002800;4966952
True;CONTRATS_20241118_001662_12.pdf;HUMANIS;;002682000002800;002682000002800;4966952
True;CONTRATS_20241118_001663_14.pdf;HUMANIS;;002682000002800;002682000002800;4966952
True;CONTRATS_20241118_001662_23.pdf;HUMANIS;;002682000002800;002682000002800;4966952
True;CONTRATS_20241118_001664_23.pdf;HUMANIS;;002682000002800;002682000002800;4966952
True;CONTRATS_20241118_001667_42.pdf;HUMANIS;;002682000002800;002682000002800;4966952
True;CONTRATS_20241118_001662_58.pdf;HUMANIS;;002682000002800;002682000002800;4966952
True;CONTRATS_20241118_001663_56.pdf;HUMANIS;;002682000002800;002682000002800;4966952
True;CONTRATS_20241118_001667_20.pdf;HUMANIS;;002682000002800;002682000002800;4966952
True;CONTRATS_20241118_001663_4.pdf;HUMANIS;;002682000002800;002682000002800;4966952
True;CONTRATS_20241118_001667_25.pdf;HUMANIS;;002682000002800;002682000002800;4966952
True;CONTRATS_20241118_001667_9.pdf;HUMANIS;;002682000002800;002682000002800;4966952
True;CONTRATS_20241118_001663_82.pdf;HUMANIS;;002682000002800;002682000002800;4966952
True;CONTRATS_20241118_001663_19.pdf;HUMANIS;;002682000002800;002682000002800;4966952
True;CONTRATS_20241118_001667_91.pdf;HUMANIS;;002682000002800;002682000002800;4966952
True;CONTRATS_20241118_001663_87.pdf;HUMANIS;;002682000002800;002682000002800;4966952
True;CONTRATS_20241118_001663_89.pdf;HUMANIS;;002682000002800;002682000002800;4966952
True;CONTRATS_20241118_001667_57.pdf;HUMANIS;;002682000002800;002682000002800;4966952
True;CONTRATS_20241118_001664_22.pdf;HUMANIS;;002682000002800;002682000002800;4966952
True;CONTRATS_20241118_001667_78.pdf;HUMANIS;;002682000002800;002682000002800;4966952
True;CONTRATS_20241118_001667_5.pdf;HUMANIS;;002682000002800;002682000002800;4966952
True;CONTRATS_20241118_001663_27.pdf;HUMANIS;;002682000002800;002682000002800;4966952
True;CONTRATS_20241118_001664_2.pdf;HUMANIS;;002682000002800;002682000002800;4966952
True;CONTRATS_20241118_001667_92.pdf;HUMANIS;;002682000002800;002682000002800;4966952
True;CONTRATS_20241118_001663_54.pdf;HUMANIS;;002682000002800;002682000002800;4966952
True;CONTRATS_20241118_001663_100.pdf;HUMANIS;;002682000002800;002682000002800;4966952
True;CONTRATS_20241118_001662_76.pdf;HUMANIS;;002682000002800;002682000002800;4966952
True;CONTRATS_20241118_001663_103.pdf;HUMANIS;;002682000002800;002682000002800;4966952
True;CONTRATS_20241118_001663_48.pdf;HUMANIS;;002682000002800;002682000002800;4966952
True;CONTRATS_20241118_001663_29.pdf;HUMANIS;;002682000002800;002682000002800;4966952
True;CONTRATS_20241118_001664_28.pdf;HUMANIS;;002682000002800;002682000002800;4966952
True;CONTRATS_20241118_001663_18.pdf;HUMANIS;;002682000002800;002682000002800;4966952
True;CONTRATS_20241118_001667_100.pdf;HUMANIS;;002682000002800;002682000002800;4966952
True;CONTRATS_20241118_001667_13.pdf;HUMANIS;;002682000002800;002682000002800;4966952
True;CONTRATS_20241118_001662_40.pdf;HUMANIS;;002682000002800;002682000002800;4966952
True;CONTRATS_20241118_001667_89.pdf;HUMANIS;;002682000002800;002682000002800;4966952
True;CONTRATS_20241118_001663_50.pdf;HUMANIS;;002682000002800;002682000002800;4966952
True;CONTRATS_20241118_001667_17.pdf;HUMANIS;;002682000002800;002682000002800;4966952
True;CONTRATS_20241118_001663_79.pdf;HUMANIS;;002682000002800;002682000002800;4966952
True;CONTRATS_20241118_001662_15.pdf;HUMANIS;;002682000002800;002682000002800;4966952
True;CONTRATS_20241118_001662_10.pdf;HUMANIS;;002682000002800;002682000002800;4966952
True;CONTRATS_20241118_001667_36.pdf;HUMANIS;;002682000002800;002682000002800;4966952
True;CONTRATS_20241118_001667_79.pdf;HUMANIS;;002682000002800;002682000002800;4966952
True;CONTRATS_20241118_001663_40.pdf;HUMANIS;;002682000002800;002682000002800;4966952
True;CONTRATS_20241118_001663_64.pdf;HUMANIS;;002682000002800;002682000002800;4966952
True;CONTRATS_20241118_001662_66.pdf;HUMANIS;;002682000002800;002682000002800;4966952
True;CONTRATS_20241118_001663_63.pdf;HUMANIS;;002682000002800;002682000002800;4966952
True;CONTRATS_20241118_001664_18.pdf;HUMANIS;;002682000002800;002682000002800;4966952
True;CONTRATS_20241118_001663_39.pdf;HUMANIS;;002682000002800;002682000002800;4966952
True;CONTRATS_20241118_001663_15.pdf;HUMANIS;;002682000002800;002682000002800;4966952
True;CONTRATS_20241118_001667_69.pdf;HUMANIS;;002682000002800;002682000002800;4966952
True;CONTRATS_20241118_001662_14.pdf;HUMANIS;;002682000002800;002682000002800;4966952
True;CONTRATS_20241118_001667_46.pdf;HUMANIS;;002682000002800;002682000002800;4966952
True;CONTRATS_20241118_001662_54.pdf;HUMANIS;;002682000002800;002682000002800;4966952
True;CONTRATS_20241118_001663_101.pdf;HUMANIS;;002682000002800;002682000002800;4966952
True;CONTRATS_20241118_001662_52.pdf;HUMANIS;;002682000002800;002682000002800;4966952
True;HEUFT___CONTRATS_20241118_001662_30.pdf;HUMANIS;;002682000002800;002682000002800;4966952
True;CONTRATS_20241118_001663_73.pdf;HUMANIS;;002682000002800;002682000002800;4966952
True;CONTRATS_20241118_001664_35.pdf;HUMANIS;;002682000002800;002682000002800;4966952
True;INCOTEC___CONTRATS_20241118_001663_72.pdf;HUMANIS;;002682000002800;002682000002800;4966952
True;CONTRATS_20241118_001667_45.pdf;HUMANIS;;002682000002800;002682000002800;4966952
True;CONTRATS_20241118_001667_49.pdf;HUMANIS;;002682000002800;002682000002800;4966952
True;CONTRATS_20241118_001667_112.pdf;HUMANIS;;002682000002800;002682000002800;4966952
True;CONTRATS_20241118_001662_22.pdf;HUMANIS;;002682000002800;002682000002800;4966952
True;CONTRATS_20241118_001664_9.pdf;HUMANIS;;002682000002800;002682000002800;4966952
True;CONTRATS_20241118_001663_93.pdf;HUMANIS;;002682000002800;002682000002800;4966952
True;CONTRATS_20241118_001664_10.pdf;HUMANIS;;002682000002800;002682000002800;4966952
True;CONTRATS_20241118_001663_86.pdf;HUMANIS;;002682000002800;002682000002800;4966952
True;CONTRATS_20241118_001667_85.pdf;HUMANIS;;002682000002800;002682000002800;4966952
True;CONTRATS_20241118_001662_7.pdf;HUMANIS;;002682000002800;002682000002800;4966952
True;CONTRATS_20241118_001667_124.pdf;HUMANIS;;002682000002800;002682000002800;4966952
True;CONTRATS_20241118_001663_9.pdf;HUMANIS;;002682000002800;002682000002800;4966952
True;CONTRATS_20241118_001663_26.pdf;HUMANIS;;002682000002800;002682000002800;4966952
True;CONTRATS_20241118_001664_37.pdf;HUMANIS;;002682000002800;002682000002800;4966952
True;CONTRATS_20241118_001663_6.pdf;HUMANIS;;002682000002800;002682000002800;4966952
True;CONTRATS_20241118_001663_74.pdf;HUMANIS;;002682000002800;002682000002800;4966952
True;CONTRATS_20241118_001662_62.pdf;HUMANIS;;002682000002800;002682000002800;4966952
True;CONTRATS_20241118_001662_82.pdf;HUMANIS;;002682000002800;002682000002800;4966952
True;CONTRATS_20241118_001664_38.pdf;HUMANIS;;002682000002800;002682000002800;4966952
True;CONTRATS_20241118_001667_28.pdf;HUMANIS;;002682000002800;002682000002800;4966952
True;CONTRATS_20241118_001663_80.pdf;HUMANIS;;002682000002800;002682000002800;4966952
True;CONTRATS_20241118_001667_47.pdf;HUMANIS;;002682000002800;002682000002800;4966952
True;CONTRATS_20241118_001663_41.pdf;HUMANIS;;002682000002800;002682000002800;4966952
True;CONTRATS_20241118_001663_57.pdf;HUMANIS;;002682000002800;002682000002800;4966952
True;CONTRATS_20241118_001663_91.pdf;HUMANIS;;002682000002800;002682000002800;4966952
True;CONTRATS_20241118_001663_71.pdf;HUMANIS;;002682000002800;002682000002800;4966952
True;CONTRATS_20241118_001663_96.pdf;HUMANIS;;002682000002800;002682000002800;4966952
True;CONTRATS_20241118_001667_56.pdf;HUMANIS;;002682000002800;002682000002800;4966952
True;CONTRATS_20241118_001663_60.pdf;HUMANIS;;002682000002800;002682000002800;4966952
True;CONTRATS_20241118_001667_24.pdf;HUMANIS;;002682000002800;002682000002800;4966952
True;CONTRATS_20241118_001664_14.pdf;HUMANIS;;002682000002800;002682000002800;4966952
True;CONTRATS_20241118_001662_42.pdf;HUMANIS;;002682000002800;002682000002800;4966952
True;CONTRATS_20241118_001663_51.pdf;HUMANIS;;002682000002800;002682000002800;4966952
True;CONTRATS_20241118_001664_20.pdf;HUMANIS;;002682000002800;002682000002800;4966952
True;CONTRATS_20241118_001667_8.pdf;HUMANIS;;002682000002800;002682000002800;4966952
True;CONTRATS_20241118_001663_28.pdf;HUMANIS;;002682000002800;002682000002800;4966952
True;CONTRATS_20241118_001667_34.pdf;HUMANIS;;002682000002800;002682000002800;4966952
True;CONTRATS_20241118_001663_3.pdf;HUMANIS;;002682000002800;002682000002800;4966952
True;CONTRATS_20241118_001662_71.pdf;HUMANIS;;002682000002800;002682000002800;4966952
True;CONTRATS_20241118_001664_36.pdf;HUMANIS;;002682000002800;002682000002800;4966952
True;CONTRATS_20241118_001662_65.pdf;HUMANIS;;002682000002800;002682000002800;4966952
True;CONTRATS_20241118_001667_35.pdf;HUMANIS;;002682000002800;002682000002800;4966952
True;CONTRATS_20241118_001667_110.pdf;HUMANIS;;002682000002800;002682000002800;4966952
True;CONTRATS_20241118_001663_105.pdf;HUMANIS;;002682000002800;002682000002800;4966952
True;CONTRATS_20241118_001663_35.pdf;HUMANIS;;002682000002800;002682000002800;4966952
True;CONTRATS_20241118_001662_17.pdf;HUMANIS;;002682000002800;002682000002800;4966952
True;CONTRATS_20241118_001662_59.pdf;HUMANIS;;002682000002800;002682000002800;4966952
True;CONTRATS_20241118_001662_4.pdf;HUMANIS;;002682000002800;002682000002800;4966952
True;CONTRATS_20241118_001663_92.pdf;HUMANIS;;002682000002800;002682000002800;4966952
True;CONTRATS_20241118_001663_17.pdf;HUMANIS;;002682000002800;002682000002800;4966952
True;CONTRATS_20241118_001664_4.pdf;HUMANIS;;002682000002800;002682000002800;4966952
True;CONTRATS_20241118_001662_93.pdf;HUMANIS;;002682000002800;002682000002800;4966952
True;CONTRATS_20241118_001667_44.pdf;HUMANIS;;002682000002800;002682000002800;4966952
True;CONTRATS_20241118_001664_33.pdf;HUMANIS;;002682000002800;002682000002800;4966952
True;CONTRATS_20241118_001662_97.pdf;HUMANIS;;002682000002800;002682000002800;4966952
True;CONTRATS_20241118_001667_58.pdf;HUMANIS;;002682000002800;002682000002800;4966952
True;ROTALYS___CONTRATS_20241118_001667_121.pdf;HUMANIS;;002682000002800;002682000002800;4966952
True;CONTRATS_20241118_001667_3.pdf;HUMANIS;;002682000002800;002682000002800;4966952
True;RHENUS_LOGISTIC___CONTRATS_20241118_001662_31.pdf;HUMANIS;;002682000002800;002682000002800;4966952
True;CONTRATS_20241118_001663_38.pdf;HUMANIS;;002682000002800;002682000002800;4966952
True;CONTRATS_20241118_001667_59.pdf;HUMANIS;;002682000002800;002682000002800;4966952
True;CONTRATS_20241118_001664_31.pdf;HUMANIS;;002682000002800;002682000002800;4966952
True;CONTRATS_20241118_001667_18.pdf;HUMANIS;;002682000002800;002682000002800;4966952
True;CONTRATS_20241118_001664_30.pdf;HUMANIS;;002682000002800;002682000002800;4966952
True;CONTRATS_20241118_001664_5.pdf;HUMANIS;;002682000002800;002682000002800;4966952
True;RECA_FRANCE___CONTRATS_20241118_001663_68.pdf;HUMANIS;;002682000002800;002682000002800;4966952
True;CONTRATS_20241118_001667_15.pdf;HUMANIS;;002682000002800;002682000002800;4966952
True;CONTRATS_20241118_001667_104.pdf;HUMANIS;;002682000002800;002682000002800;4966952
True;CONTRATS_20241118_001667_27.pdf;HUMANIS;;002682000002800;002682000002800;4966952
True;CONTRATS_20241118_001667_77.pdf;HUMANIS;;002682000002800;002682000002800;4966952
True;CONTRATS_20241118_001662_55.pdf;HUMANIS;;002682000002800;002682000002800;4966952
True;CONTRATS_20241118_001663_65.pdf;HUMANIS;;002682000002800;002682000002800;4966952
True;CONTRATS_20241118_001663_21.pdf;HUMANIS;;002682000002800;002682000002800;4966952
True;CONTRATS_20241118_001663_45.pdf;HUMANIS;;002682000002800;002682000002800;4966952
True;CONTRATS_20241118_001667_71.pdf;HUMANIS;;002682000002800;002682000002800;4966952
True;CONTRATS_20241118_001663_70.pdf;HUMANIS;;002682000002800;002682000002800;4966952
True;CONTRATS_20241118_001663_77.pdf;HUMANIS;;002682000002800;002682000002800;4966952
True;CONTRATS_20241118_001667_31.pdf;HUMANIS;;002682000002800;002682000002800;4966952
True;CONTRATS_20241118_001667_103.pdf;HUMANIS;;002682000002800;002682000002800;4966952
True;CONTRATS_20241118_001662_64.pdf;HUMANIS;;002682000002800;002682000002800;4966952
True;CONTRATS_20241118_001667_87.pdf;HUMANIS;;002682000002800;002682000002800;4966952
True;CONTRATS_20241118_001667_14.pdf;HUMANIS;;002682000002800;002682000002800;4966952
True;CONTRATS_20241118_001663_22.pdf;HUMANIS;;002682000002800;002682000002800;4966952
True;CONTRATS_20241118_001667_39.pdf;HUMANIS;;002682000002800;002682000002800;4966952
True;CONTRATS_20241118_001664_29.pdf;HUMANIS;;002682000002800;002682000002800;4966952
True;CONTRATS_20241118_001663_104.pdf;HUMANIS;;002682000002800;002682000002800;4966952
True;RHENUS_LOGISTICS___CONTRATS_20241118_001662_38.pdf;HUMANIS;;002682000002800;002682000002800;4966952
True;CONTRATS_20241118_001667_66.pdf;HUMANIS;;002682000002800;002682000002800;4966952
True;TRANSPORTS_LIVET___CONTRATS_20241118_001667_119.pdf;HUMANIS;;002682000002800;002682000002800;4966952
True;CONTRATS_20241118_001662_98.pdf;HUMANIS;;002682000002800;002682000002800;4966952
True;CONTRATS_20241118_001662_53.pdf;HUMANIS;;002682000002800;002682000002800;4966952
True;RHENUS_AIR__OCEAN___CONTRATS_20241118_001662_32.pdf;HUMANIS;;002682000002800;002682000002800;4966952
True;CONTRATS_20241118_001667_40.pdf;HUMANIS;;002682000002800;002682000002800;4966952
True;CONTRATS_20241118_001664_21.pdf;HUMANIS;;002682000002800;002682000002800;4966952
True;CONTRATS_20241118_001662_8.pdf;HUMANIS;;002682000002800;002682000002800;4966952
True;CONTRATS_20241118_001664_6.pdf;HUMANIS;;002682000002800;002682000002800;4966952
True;CONTRATS_20241118_001662_18.pdf;HUMANIS;;002682000002800;002682000002800;4966952
True;CONTRATS_20241118_001667_22.pdf;HUMANIS;;002682000002800;002682000002800;4966952
True;RECA_FRANCE___CONTRATS_20241118_001663_66.pdf;HUMANIS;;002682000002800;002682000002800;4966952
True;CONTRATS_20241118_001667_108.pdf;HUMANIS;;002682000002800;002682000002800;4966952
True;CONTRATS_20241118_001662_90.pdf;HUMANIS;;002682000002800;002682000002800;4966952
True;DVTA___CONTRATS_20241118_001667_117.pdf;HUMANIS;;002682000002800;002682000002800;4966952
True;CONTRATS_20241118_001664_39.pdf;HUMANIS;;002682000002800;002682000002800;4966952
True;CONTRATS_20241118_001664_1.pdf;HUMANIS;;002682000002800;002682000002800;4966952
True;CONTRATS_20241118_001663_78.pdf;HUMANIS;;002682000002800;002682000002800;4966952
True;CONTRATS_20241118_001667_99.pdf;HUMANIS;;002682000002800;002682000002800;4966952
True;CONTRATS_20241118_001664_34.pdf;HUMANIS;;002682000002800;002682000002800;4966952
True;CONTRATS_20241118_001667_52.pdf;HUMANIS;;002682000002800;002682000002800;4966952
True;CONTRATS_20241118_001662_56.pdf;HUMANIS;;002682000002800;002682000002800;4966952
True;CONTRATS_20241118_001667_37.pdf;HUMANIS;;002682000002800;002682000002800;4966952
True;CONTRATS_20241118_001667_73.pdf;HUMANIS;;002682000002800;002682000002800;4966952
True;CONTRATS_20241118_001667_109.pdf;HUMANIS;;002682000002800;002682000002800;4966952
True;CONTRATS_20241118_001663_81.pdf;HUMANIS;;002682000002800;002682000002800;4966952
True;CONTRATS_20241118_001663_99.pdf;HUMANIS;;002682000002800;002682000002800;4966952
True;CONTRATS_20241118_001663_44.pdf;HUMANIS;;002682000002800;002682000002800;4966952
True;CONTRATS_20241118_001667_82.pdf;HUMANIS;;002682000002800;002682000002800;4966952
True;CONTRATS_20241118_001664_19.pdf;HUMANIS;;002682000002800;002682000002800;4966952
True;CONTRATS_20241118_001662_80.pdf;HUMANIS;;002682000002800;002682000002800;4966952
True;CONTRATS_20241118_001663_10.pdf;HUMANIS;;002682000002800;002682000002800;4966952
True;CONTRATS_20241118_001662_1.pdf;HUMANIS;;002682000002800;002682000002800;4966952
True;CONTRATS_20241118_001663_37.pdf;HUMANIS;;002682000002800;002682000002800;4966952
True;CONTRATS_20241118_001662_77.pdf;HUMANIS;;002682000002800;002682000002800;4966952
True;CONTRATS_20241118_001663_49.pdf;HUMANIS;;002682000002800;002682000002800;4966952
True;CONTRATS_20241118_001662_94.pdf;HUMANIS;;002682000002800;002682000002800;4966952
True;CONTRATS_20241118_001667_106.pdf;HUMANIS;;002682000002800;002682000002800;4966952
True;CONTRATS_20241118_001664_11.pdf;HUMANIS;;002682000002800;002682000002800;4966952
True;CONTRATS_20241118_001663_106.pdf;HUMANIS;;002682000002800;002682000002800;4966952
True;CONTRATS_20241118_001663_11.pdf;HUMANIS;;002682000002800;002682000002800;4966952
True;CONTRATS_20241118_001662_13.pdf;HUMANIS;;002682000002800;002682000002800;4966952
True;CONTRATS_20241118_001662_41.pdf;HUMANIS;;002682000002800;002682000002800;4966952
True;CONTRATS_20241118_001667_6.pdf;HUMANIS;;002682000002800;002682000002800;4966952
True;CONTRATS_20241118_001664_17.pdf;HUMANIS;;002682000002800;002682000002800;4966952
True;CONTRATS_20241118_001663_47.pdf;HUMANIS;;002682000002800;002682000002800;4966952
True;CONTRATS_20241118_001664_12.pdf;HUMANIS;;002682000002800;002682000002800;4966952
True;CONTRATS_20241118_001663_52.pdf;HUMANIS;;002682000002800;002682000002800;4966952
True;CONTRATS_20241118_001667_51.pdf;HUMANIS;;002682000002800;002682000002800;4966952
True;CONTRATS_20241118_001662_89.pdf;HUMANIS;;002682000002800;002682000002800;4966952
True;CONTRATS_20241118_001663_53.pdf;HUMANIS;;002682000002800;002682000002800;4966952
True;CONTRATS_20241118_001667_33.pdf;HUMANIS;;002682000002800;002682000002800;4966952
True;CONTRATS_20241118_001662_63.pdf;HUMANIS;;002682000002800;002682000002800;4966952
True;CONTRATS_20241118_001667_83.pdf;HUMANIS;;002682000002800;002682000002800;4966952
True;CONTRATS_20241118_001662_19.pdf;HUMANIS;;002682000002800;002682000002800;4966952
True;RM_SYSTEM___CONTRATS_20241118_001662_27.pdf;HUMANIS;;002682000002800;002682000002800;4966952
True;CONTRATS_20241118_001667_74.pdf;HUMANIS;;002682000002800;002682000002800;4966952
True;CONTRATS_20241118_001662_92.pdf;HUMANIS;;002682000002800;002682000002800;4966952
True;CONTRATS_20241118_001662_3.pdf;HUMANIS;;002682000002800;002682000002800;4966952
True;CONTRATS_20241118_001663_97.pdf;HUMANIS;;002682000002800;002682000002800;4966952
True;CONTRATS_20241118_001667_88.pdf;HUMANIS;;002682000002800;002682000002800;4966952
True;CONTRATS_20241118_001662_72.pdf;HUMANIS;;002682000002800;002682000002800;4966952
True;CONTRATS_20241118_001663_98.pdf;HUMANIS;;002682000002800;002682000002800;4966952
True;CONTRATS_20241118_001662_6.pdf;HUMANIS;;002682000002800;002682000002800;4966952
True;CONTRATS_20241118_001663_88.pdf;HUMANIS;;002682000002800;002682000002800;4966952
True;CONTRATS_20241118_001662_86.pdf;HUMANIS;;002682000002800;002682000002800;4966952
True;CONTRATS_20241118_001662_60.pdf;HUMANIS;;002682000002800;002682000002800;4966952
True;CONTRATS_20241118_001663_43.pdf;HUMANIS;;002682000002800;002682000002800;4966952
True;GROUPE_2L__CONTRATS_20241118_001667_116.pdf;HUMANIS;;002682000002800;002682000002800;4966952
True;CONTRATS_20241118_001663_31.pdf;HUMANIS;;002682000002800;002682000002800;4966952
True;CONTRATS_20241118_001663_13.pdf;HUMANIS;;002682000002800;002682000002800;4966952
True;CONTRATS_20241118_001662_75.pdf;HUMANIS;;002682000002800;002682000002800;4966952
True;CONTRATS_20241118_001663_30.pdf;HUMANIS;;002682000002800;002682000002800;4966952
True;CONTRATS_20241118_001663_1.pdf;HUMANIS;;002682000002800;002682000002800;4966952
True;CONTRATS_20241118_001662_45.pdf;HUMANIS;;002682000002800;002682000002800;4966952
True;CONTRATS_20241118_001667_86.pdf;HUMANIS;;002682000002800;002682000002800;4966952
True;CONTRATS_20241118_001662_100.pdf;HUMANIS;;002682000002800;002682000002800;4966952
True;CONTRATS_20241118_001662_84.pdf;HUMANIS;;002682000002800;002682000002800;4966952
True;CONTRATS_20241118_001667_60.pdf;HUMANIS;;002682000002800;002682000002800;4966952
True;CONTRATS_20241118_001664_25.pdf;HUMANIS;;002682000002800;002682000002800;4966952
True;CONTRATS_20241118_001662_43.pdf;HUMANIS;;002682000002800;002682000002800;4966952
True;CONTRATS_20241118_001662_48.pdf;HUMANIS;;002682000002800;002682000002800;4966952
True;CONTRATS_20241118_001667_7.pdf;HUMANIS;;002682000002800;002682000002800;4966952
True;CONTRATS_20241118_001667_97.pdf;HUMANIS;;002682000002800;002682000002800;4966952
True;CONTRATS_20241118_001662_61.pdf;HUMANIS;;002682000002800;002682000002800;4966952
True;CONTRATS_20241118_001667_111.pdf;HUMANIS;;002682000002800;002682000002800;4966952
True;CONTRATS_20241118_001662_16.pdf;HUMANIS;;002682000002800;002682000002800;4966952
True;CONTRATS_20241118_001667_75.pdf;HUMANIS;;002682000002800;002682000002800;4966952
True;CONTRATS_20241118_001662_96.pdf;HUMANIS;;002682000002800;002682000002800;4966952
True;CONTRATS_20241118_001663_7.pdf;HUMANIS;;002682000002800;002682000002800;4966952
True;CONTRATS_20241118_001667_23.pdf;HUMANIS;;002682000002800;002682000002800;4966952
True;CONTRATS_20241118_001662_50.pdf;HUMANIS;;002682000002800;002682000002800;4966952
True;CONTRATS_20241118_001663_102.pdf;HUMANIS;;002682000002800;002682000002800;4966952
True;CONTRATS_20241118_001667_41.pdf;HUMANIS;;002682000002800;002682000002800;4966952
True;CONTRATS_20241118_001667_64.pdf;HUMANIS;;002682000002800;002682000002800;4966952
True;CONTRATS_20241118_001664_24.pdf;HUMANIS;;002682000002800;002682000002800;4966952
True;CONTRATS_20241118_001664_16.pdf;HUMANIS;;002682000002800;002682000002800;4966952
True;CONTRATS_20241118_001667_76.pdf;HUMANIS;;002682000002800;002682000002800;4966952
True;CONTRATS_20241118_001667_19.pdf;HUMANIS;;002682000002800;002682000002800;4966952
True;CONTRATS_20241118_001662_57.pdf;HUMANIS;;002682000002800;002682000002800;4966952
True;CONTRATS_20241118_001662_99.pdf;HUMANIS;;002682000002800;002682000002800;4966952
True;FRAMATEC___CONTRATS_20241118_001667_115.pdf;HUMANIS;;002682000002800;002682000002800;4966952
True;CONTRATS_20241118_001663_34.pdf;HUMANIS;;002682000002800;002682000002800;4966952
True;CONTRATS_20241118_001663_25.pdf;HUMANIS;;002682000002800;002682000002800;4966952
True;CONTRATS_20241118_001662_44.pdf;HUMANIS;;002682000002800;002682000002800;4966952
True;CONTRATS_20241118_001667_11.pdf;HUMANIS;;002682000002800;002682000002800;4966952
True;CONTRATS_20241118_001667_32.pdf;HUMANIS;;002682000002800;002682000002800;4966952
True;CONTRATS_20241118_001663_61.pdf;HUMANIS;;002682000002800;002682000002800;4966952
True;CONTRATS_20241118_001667_95.pdf;HUMANIS;;002682000002800;002682000002800;4966952
True;CONTRATS_20241118_001664_13.pdf;HUMANIS;;002682000002800;002682000002800;4966952
True;CONTRATS_20241118_001667_65.pdf;HUMANIS;;002682000002800;002682000002800;4966952
True;LOGIBACK___CONTRATS_20241118_001667_120.pdf;HUMANIS;;002682000002800;002682000002800;4966952
True;RHENUS_LOGISTICS___CONTRATS_20241118_001662_39.pdf;HUMANIS;;002682000002800;002682000002800;4966952
True;CONTRATS_20241118_001662_21.pdf;HUMANIS;;002682000002800;002682000002800;4966952
True;CONTRATS_20241118_001667_90.pdf;HUMANIS;;002682000002800;002682000002800;4966952
True;CONTRATS_20241118_001662_87.pdf;HUMANIS;;002682000002800;002682000002800;4966952
True;CONTRATS_20241118_001662_51.pdf;HUMANIS;;002682000002800;002682000002800;4966952
True;CONTRATS_20241118_001662_91.pdf;HUMANIS;;002682000002800;002682000002800;4966952
True;CONTRATS_20241118_001663_20.pdf;HUMANIS;;002682000002800;002682000002800;4966952
True;CONTRATS_20241118_001667_101.pdf;HUMANIS;;002682000002800;002682000002800;4966952
True;CONTRATS_20241118_001667_107.pdf;HUMANIS;;002682000002800;002682000002800;4966952
True;CONTRATS_20241118_001663_75.pdf;HUMANIS;;002682000002800;002682000002800;4966952
True;CONTRATS_20241118_001667_105.pdf;HUMANIS;;002682000002800;002682000002800;4966952
True;CONTRATS_20241118_001663_85.pdf;HUMANIS;;002682000002800;002682000002800;4966952
True;CONTRATS_20241118_001667_26.pdf;HUMANIS;;002682000002800;002682000002800;4966952
True;CONTRATS_20241118_001662_46.pdf;HUMANIS;;002682000002800;002682000002800;4966952
